{"episode_reward": 8.93727927263899, "_timestamp": 1657294845, "_runtime": 243, "_step": 9994, "loss": 3.3736584186553955, "_wandb": {"runtime": 237}}