{"episode_reward": 32.602133463961266, "_timestamp": 1657294241, "_runtime": 1940, "_step": 173789, "loss": -0.15792536735534668, "gradients/graph_2dist.bias": {"_type": "histogram", "values": [1.0, 0.0, 0.0, 0.0, 0.0, 0.0, 0.0, 0.0, 0.0, 0.0, 0.0, 0.0, 0.0, 0.0, 0.0, 0.0, 0.0, 0.0, 0.0, 0.0, 0.0, 0.0, 0.0, 0.0, 0.0, 0.0, 0.0, 0.0, 0.0, 0.0, 0.0, 0.0, 0.0, 1.0, 0.0, 0.0, 1.0, 0.0, 0.0, 0.0, 0.0, 0.0, 0.0, 0.0, 0.0, 0.0, 0.0, 0.0, 0.0, 0.0, 0.0, 0.0, 0.0, 0.0, 0.0, 0.0, 0.0, 0.0, 0.0, 0.0, 0.0, 0.0, 0.0, 1.0], "bins": [-0.01243878249078989, -0.012067646719515324, -0.011696510016918182, -0.011325374245643616, -0.010954238474369049, -0.010583102703094482, -0.010211966931819916, -0.009840830229222775, -0.009469694457948208, -0.009098558686673641, -0.0087274219840765, -0.008356286212801933, -0.007985150441527367, -0.0076140146702528, -0.007242878433316946, -0.006871742196381092, -0.006500606425106525, -0.006129470653831959, -0.005758334416896105, -0.005387198179960251, -0.005016062408685684, -0.0046449266374111176, -0.004273790400475264, -0.0039026543963700533, -0.003531518392264843, -0.0031603823881596327, -0.0027892463840544224, -0.002418110379949212, -0.0020469743758440018, -0.0016758383717387915, -0.0013047023676335812, -0.0009335663635283709, -0.0005624303594231606, -0.00019129435531795025, 0.00017984164878726006, 0.0005509776528924704, 0.0009221136569976807, 0.001293249661102891, 0.0016643856652081013, 0.0020355216693133116, 0.002406657673418522, 0.002777793677523732, 0.0031489296816289425, 0.003520065685734153, 0.003891201689839363, 0.00426233746111393, 0.004633473698049784, 0.005004609934985638, 0.005375745706260204, 0.005746881477534771, 0.006118017714470625, 0.006489153951406479, 0.0068602897226810455, 0.007231425493955612, 0.007602561730891466, 0.00797369796782732, 0.008344833739101887, 0.008715969510376453, 0.009087106212973595, 0.009458241984248161, 0.009829377755522728, 0.010200513526797295, 0.010571649298071861, 0.010942786000669003, 0.01131392177194357]}, "gradients/graph_2dist.weight": {"_type": "histogram", "values": [1.0, 0.0, 0.0, 0.0, 0.0, 0.0, 0.0, 0.0, 0.0, 0.0, 0.0, 0.0, 0.0, 0.0, 1.0, 5.0, 5.0, 2.0, 8.0, 2.0, 5.0, 1.0, 1.0, 1.0, 1.0, 3.0, 2.0, 2.0, 0.0, 0.0, 1.0, 4.0, 0.0, 894.0, 27.0, 16.0, 2.0, 0.0, 0.0, 2.0, 3.0, 2.0, 1.0, 2.0, 1.0, 5.0, 6.0, 5.0, 2.0, 8.0, 2.0, 0.0, 0.0, 0.0, 0.0, 0.0, 0.0, 0.0, 0.0, 0.0, 0.0, 0.0, 0.0, 1.0], "bins": [-0.19055624306201935, -0.18488013744354248, -0.1792040467262268, -0.17352794110774994, -0.16785183548927307, -0.1621757447719574, -0.15649963915348053, -0.15082353353500366, -0.145147442817688, -0.13947133719921112, -0.13379524648189545, -0.12811914086341858, -0.12244304269552231, -0.11676694452762604, -0.11109083890914917, -0.1054147407412529, -0.09973863512277603, -0.09406253695487976, -0.0883864313364029, -0.08271033316850662, -0.07703423500061035, -0.07135812938213348, -0.06568203121423721, -0.06000593304634094, -0.054329827427864075, -0.048653725534677505, -0.042977627366781235, -0.037301525473594666, -0.031625427305698395, -0.025949325412511826, -0.020273223519325256, -0.014597125351428986, -0.008921027183532715, -0.0032449266873300076, 0.0024311738088726997, 0.008107274770736694, 0.013783374801278114, 0.019459474831819534, 0.025135576725006104, 0.030811674892902374, 0.036487773060798645, 0.042163874953985214, 0.047839973121881485, 0.053516075015068054, 0.059192173182964325, 0.0648682713508606, 0.07054437696933746, 0.07622047513723373, 0.0818965807557106, 0.08757267892360687, 0.09324878454208374, 0.09892488270998001, 0.10460098087787628, 0.11027708649635315, 0.11595318466424942, 0.12162928283214569, 0.12730538845062256, 0.13298149406909943, 0.1386575847864151, 0.14433369040489197, 0.15000979602336884, 0.1556858867406845, 0.16136199235916138, 0.16703808307647705, 0.17271418869495392]}, "gradients/graph_2v.bias": {"_type": "histogram", "values": [0.0, 0.0, 0.0, 0.0, 0.0, 0.0, 0.0, 0.0, 0.0, 0.0, 0.0, 0.0, 0.0, 0.0, 0.0, 0.0, 0.0, 0.0, 0.0, 0.0, 0.0, 0.0, 0.0, 0.0, 0.0, 0.0, 0.0, 0.0, 0.0, 0.0, 0.0, 0.0, 1.0, 0.0, 0.0, 0.0, 0.0, 0.0, 0.0, 0.0, 0.0, 0.0, 0.0, 0.0, 0.0, 0.0, 0.0, 0.0, 0.0, 0.0, 0.0, 0.0, 0.0, 0.0, 0.0, 0.0, 0.0, 0.0, 0.0, 0.0, 0.0, 0.0, 0.0, 0.0], "bins": [-0.28417202830314636, -0.28417202830314636, -0.28417202830314636, -0.28417202830314636, -0.28417202830314636, -0.28417202830314636, -0.28417202830314636, -0.28417202830314636, -0.28417202830314636, -0.28417202830314636, -0.28417202830314636, -0.28417202830314636, -0.28417202830314636, -0.28417202830314636, -0.28417202830314636, -0.28417202830314636, -0.28417202830314636, -0.28417202830314636, -0.28417202830314636, -0.28417202830314636, -0.28417202830314636, -0.28417202830314636, -0.28417202830314636, -0.28417202830314636, -0.28417202830314636, -0.28417202830314636, -0.28417202830314636, -0.28417202830314636, -0.28417202830314636, -0.28417202830314636, -0.28417202830314636, -0.28417202830314636, -0.28417202830314636, -0.28417202830314636, -0.28417202830314636, -0.28417202830314636, -0.28417202830314636, -0.28417202830314636, -0.28417202830314636, -0.28417202830314636, -0.28417202830314636, -0.28417202830314636, -0.28417202830314636, -0.28417202830314636, -0.28417202830314636, -0.28417202830314636, -0.28417202830314636, -0.28417202830314636, -0.28417202830314636, -0.28417202830314636, -0.28417202830314636, -0.28417202830314636, -0.28417202830314636, -0.28417202830314636, -0.28417202830314636, -0.28417202830314636, -0.28417202830314636, -0.28417202830314636, -0.28417202830314636, -0.28417202830314636, -0.28417202830314636, -0.28417202830314636, -0.28417202830314636, -0.28417202830314636, -0.28417202830314636]}, "gradients/graph_2v.weight": {"_type": "histogram", "values": [1.0, 0.0, 0.0, 0.0, 0.0, 0.0, 0.0, 0.0, 0.0, 0.0, 0.0, 0.0, 0.0, 0.0, 0.0, 0.0, 0.0, 1.0, 0.0, 1.0, 0.0, 3.0, 5.0, 4.0, 4.0, 3.0, 1.0, 2.0, 0.0, 2.0, 1.0, 1.0, 0.0, 1.0, 2.0, 0.0, 0.0, 0.0, 0.0, 0.0, 0.0, 2.0, 1.0, 1.0, 2.0, 1.0, 0.0, 1.0, 0.0, 0.0, 0.0, 0.0, 2.0, 2.0, 1.0, 2.0, 1.0, 0.0, 1.0, 0.0, 1.0, 1.0, 0.0, 205.0], "bins": [-2.972614049911499, -2.9261670112609863, -2.8797199726104736, -2.833272695541382, -2.786825656890869, -2.7403786182403564, -2.6939315795898438, -2.647484302520752, -2.6010372638702393, -2.5545902252197266, -2.508143186569214, -2.461695909500122, -2.4152488708496094, -2.3688018321990967, -2.322354793548584, -2.275907516479492, -2.2294604778289795, -2.183013439178467, -2.136566400527954, -2.0901191234588623, -2.0436720848083496, -1.997225046157837, -1.9507778882980347, -1.904330849647522, -1.8578838109970093, -1.8114367723464966, -1.7649896144866943, -1.7185425758361816, -1.6720954179763794, -1.6256483793258667, -1.5792012214660645, -1.5327541828155518, -1.4863070249557495, -1.4398599863052368, -1.3934128284454346, -1.3469657897949219, -1.3005186319351196, -1.254071593284607, -1.2076244354248047, -1.161177396774292, -1.1147302389144897, -1.068283200263977, -1.0218360424041748, -0.9753889441490173, -0.9289418458938599, -0.8824947476387024, -0.8360476493835449, -0.7896006107330322, -0.7431535124778748, -0.6967064142227173, -0.6502593159675598, -0.6038122177124023, -0.5573651194572449, -0.5109180212020874, -0.4644709527492523, -0.41802385449409485, -0.3715767562389374, -0.3251296579837799, -0.27868255972862244, -0.23223547637462616, -0.1857883781194687, -0.13934127986431122, -0.09289419651031494, -0.04644709825515747, 0.0]}, "gradients/graph_2layer.4.bias": {"_type": "histogram", "values": [2.0, 0.0, 2.0, 0.0, 4.0, 2.0, 1.0, 0.0, 2.0, 1.0, 1.0, 0.0, 2.0, 0.0, 0.0, 0.0, 1.0, 1.0, 0.0, 0.0, 1.0, 1.0, 0.0, 2.0, 0.0, 0.0, 3.0, 0.0, 1.0, 1.0, 0.0, 0.0, 0.0, 1.0, 1.0, 0.0, 0.0, 0.0, 0.0, 0.0, 1.0, 0.0, 2.0, 1.0, 0.0, 1.0, 207.0, 1.0, 2.0, 1.0, 0.0, 1.0, 1.0, 2.0, 4.0, 0.0, 0.0, 0.0, 0.0, 0.0, 0.0, 0.0, 0.0, 2.0],