{"episode_reward": 12.336919103129459, "_timestamp": 1657294526, "_runtime": 163, "_step": 3997, "loss": 6.167205333709717, "_wandb": {"runtime": 162}}